epoch,time,train/box_loss,train/cls_loss,train/dfl_loss,metrics/precision(B),metrics/recall(B),metrics/mAP50(B),metrics/mAP50-95(B),val/box_loss,val/cls_loss,val/dfl_loss,lr/pg0,lr/pg1,lr/pg2,lr/pg3,lr/pg4,lr/pg5,lr/pg6,lr/pg7
1,114.803,2.62797,5.16491,0.00465,0.64887,0.73724,0.74771,0.38868,2.22477,1.17901,0.00494,0.00990476,0.00330159,0.00990476,0.00330159,0.00990476,0.00330159,0.00990476,0.00330159
2,183.88,2.22398,0.94212,0.00378,0.68338,0.70377,0.75282,0.29493,2.63245,1.33317,0.00592,0.0198999,0.0066333,0.0198999,0.0066333,0.0198999,0.0066333,0.0198999,0.0066333
3,255.594,2.20985,0.914,0.00377,0,0,0,0,4.21928,7.55738,0.01487,0.0298756,0.00995852,0.0298756,0.00995852,0.0298756,0.00995852,0.0298756,0.00995852
4,327.011,2.13858,0.84992,0.00366,0.61448,0.70026,0.66259,0.3366,2.35066,1.18003,0.00554,0.0299341,0.00997803,0.0299341,0.00997803,0.0299341,0.00997803,0.0299341,0.00997803
5,396.035,2.03603,0.76426,0.00348,0.65539,0.25941,0.22931,0.08611,4.39406,4.38151,0.01595,0.0298829,0.00996097,0.0298829,0.00996097,0.0298829,0.00996097,0.0298829,0.00996097
6,464.493,1.9987,0.70352,0.00335,0.57979,0.69623,0.63264,0.32851,2.40672,1.30435,0.00597,0.0298172,0.00993906,0.0298172,0.00993906,0.0298172,0.00993906,0.0298172,0.00993906
7,532.932,1.95467,0.6757,0.00329,0.70143,0.45105,0.54526,0.26503,2.90399,1.98655,0.00796,0.029737,0.00991232,0.029737,0.00991232,0.029737,0.00991232,0.029737,0.00991232
8,602.883,1.94073,0.62483,0.00326,0.87973,0.89958,0.93888,0.49332,2.27943,0.66113,0.00566,0.0296424,0.00988079,0.0296424,0.00988079,0.0296424,0.00988079,0.0296424,0.00988079
9,672.404,1.89153,0.61041,0.00318,0.88248,0.87976,0.92867,0.53998,2.03965,0.6506,0.00482,0.0295335,0.00984449,0.0295335,0.00984449,0.0295335,0.00984449,0.0295335,0.00984449
10,742.133,1.87832,0.60165,0.00313,0.89599,0.89388,0.92296,0.34414,2.99516,0.80046,0.00811,0.0294104,0.00980345,0.0294104,0.00980345,0.0294104,0.00980345,0.0294104,0.00980345
11,811.556,1.89729,0.5859,0.00316,0.90361,0.84723,0.91475,0.38856,2.78141,0.88294,0.00744,0.0292732,0.00975773,0.0292732,0.00975773,0.0292732,0.00975773,0.0292732,0.00975773
12,881.049,1.87805,0.55543,0.00309,0.9263,0.90451,0.94227,0.41528,2.71762,0.70041,0.00721,0.0291221,0.00970736,0.0291221,0.00970736,0.0291221,0.00970736,0.0291221,0.00970736
13,949.117,1.85536,0.5673,0.00307,0.82096,0.80579,0.86188,0.24426,3.48318,1.03401,0.01018,0.0289572,0.00965239,0.0289572,0.00965239,0.0289572,0.00965239,0.0289572,0.00965239
14,1017.08,1.83873,0.54928,0.00305,0.74047,0.66276,0.70813,0.16948,3.66717,1.2111,0.01096,0.0287787,0.00959289,0.0287787,0.00959289,0.0287787,0.00959289,0.0287787,0.00959289
15,1088.61,1.8155,0.55446,0.003,0.54003,0.58577,0.57966,0.12812,3.76309,1.29633,0.01119,0.0285867,0.00952889,0.0285867,0.00952889,0.0285867,0.00952889,0.0285867,0.00952889
16,1161.62,1.80476,0.54781,0.00296,0.8382,0.80921,0.84298,0.22195,3.37056,1.15584,0.00964,0.0283814,0.00946048,0.0283814,0.00946048,0.0283814,0.00946048,0.0283814,0.00946048
17,1232.69,1.79481,0.55683,0.00295,0.88006,0.87187,0.91107,0.30279,3.16326,0.87296,0.00896,0.0281632,0.00938772,0.0281632,0.00938772,0.0281632,0.00938772,0.0281632,0.00938772
18,1302.67,1.79101,0.55565,0.00294,0.85665,0.84012,0.88634,0.24771,3.48875,0.93251,0.01003,0.027932,0.00931067,0.027932,0.00931067,0.027932,0.00931067,0.027932,0.00931067
19,1372.59,1.76818,0.52466,0.00294,0.86855,0.85148,0.89206,0.25452,3.45584,0.93318,0.01008,0.0276883,0.00922942,0.0276883,0.00922942,0.0276883,0.00922942,0.0276883,0.00922942
20,1443.09,1.76405,0.52453,0.0029,0.85754,0.83515,0.85934,0.26633,3.32488,0.9557,0.00947,0.0274321,0.00914405,0.0274321,0.00914405,0.0274321,0.00914405,0.0274321,0.00914405
21,1513.53,1.76346,0.54318,0.00288,0.76543,0.74728,0.76904,0.1645,3.81801,1.07174,0.01172,0.0271639,0.00905463,0.0271639,0.00905463,0.0271639,0.00905463,0.0271639,0.00905463
22,1585.8,1.74268,0.52321,0.00283,0.77394,0.76067,0.80971,0.16878,3.6755,1.09709,0.01105,0.0268838,0.00896127,0.0268838,0.00896127,0.0268838,0.00896127,0.0268838,0.00896127
23,1656.41,1.74052,0.53073,0.00283,0.89299,0.86109,0.91968,0.28754,3.293,0.86728,0.00916,0.0265921,0.00886404,0.0265921,0.00886404,0.0265921,0.00886404,0.0265921,0.00886404
24,1726.83,1.74212,0.51084,0.00283,0.86693,0.84017,0.89482,0.26089,3.37877,0.93742,0.00952,0.0262891,0.00876305,0.0262891,0.00876305,0.0262891,0.00876305,0.0262891,0.00876305
25,1797.46,1.70866,0.53231,0.00278,0.74259,0.7523,0.7594,0.17414,3.68705,1.24661,0.01131,0.0259752,0.00865839,0.0259752,0.00865839,0.0259752,0.00865839,0.0259752,0.00865839
26,1867.58,1.71208,0.5124,0.0028,0.81047,0.79582,0.82363,0.20554,3.57802,0.96906,0.01077,0.0256505,0.00855018,0.0256505,0.00855018,0.0256505,0.00855018,0.0256505,0.00855018
27,1937.45,1.69708,0.50965,0.00276,0.90583,0.87113,0.90782,0.29263,3.25866,0.85013,0.00919,0.0253155,0.00843851,0.0253155,0.00843851,0.0253155,0.00843851,0.0253155,0.00843851
28,2009.5,1.68138,0.51323,0.00274,0.86901,0.84435,0.86587,0.21844,3.56457,0.97116,0.01055,0.0249705,0.00832349,0.0249705,0.00832349,0.0249705,0.00832349,0.0249705,0.00832349
29,2077.68,1.69399,0.511,0.00275,0.88042,0.84686,0.9026,0.27817,3.33581,0.83886,0.00945,0.0246157,0.00820525,0.0246157,0.00820525,0.0246157,0.00820525,0.0246157,0.00820525
30,2148.28,1.67791,0.48074,0.00271,0.8799,0.86192,0.89565,0.25041,3.36822,0.91469,0.00968,0.0242517,0.00808389,0.0242517,0.00808389,0.0242517,0.00808389,0.0242517,0.00808389
31,2217.87,1.68541,0.48192,0.00271,0.87418,0.85356,0.87814,0.22957,3.5413,0.91991,0.01038,0.0238786,0.00795954,0.0238786,0.00795954,0.0238786,0.00795954,0.0238786,0.00795954
32,2287.81,1.68041,0.4698,0.0027,0.90495,0.88787,0.91939,0.2965,3.28414,0.74919,0.00934,0.0234969,0.00783231,0.0234969,0.00783231,0.0234969,0.00783231,0.0234969,0.00783231
33,2357.98,1.64661,0.47783,0.00265,0.89681,0.87268,0.91384,0.31113,3.12788,0.87254,0.00869,0.023107,0.00770234,0.023107,0.00770234,0.023107,0.00770234,0.023107,0.00770234
34,2427.96,1.64942,0.48601,0.00266,0.91211,0.86276,0.92403,0.32718,3.05633,0.81593,0.00842,0.0227093,0.00756976,0.0227093,0.00756976,0.0227093,0.00756976,0.0227093,0.00756976
35,2499.01,1.64668,0.47508,0.00264,0.91236,0.87197,0.93231,0.33016,3.06659,0.80555,0.00845,0.022304,0.00743468,0.022304,0.00743468,0.022304,0.00743468,0.022304,0.00743468
36,2568.33,1.64504,0.46234,0.00264,0.82177,0.77238,0.82334,0.1902,3.56929,1.08294,0.01056,0.0218918,0.00729725,0.0218918,0.00729725,0.0218918,0.00729725,0.0218918,0.00729725
37,2638.56,1.64057,0.45959,0.00265,0.87871,0.86946,0.89453,0.31744,3.04271,0.84146,0.00807,0.0214728,0.00715761,0.0214728,0.00715761,0.0214728,0.00715761,0.0214728,0.00715761
38,2710.47,1.60463,0.48423,0.00258,0.88579,0.86322,0.90584,0.31055,3.13061,0.83838,0.00866,0.0210476,0.00701588,0.0210476,0.00701588,0.0210476,0.00701588,0.0210476,0.00701588
39,2778.88,1.59659,0.46915,0.00255,0.91118,0.87562,0.93226,0.34259,2.96213,0.81303,0.00805,0.0206166,0.00687222,0.0206166,0.00687222,0.0206166,0.00687222,0.0206166,0.00687222
40,2850.7,1.59482,0.45629,0.00254,0.92997,0.91046,0.93748,0.34694,3.05387,0.7561,0.00833,0.0201803,0.00672675,0.0201803,0.00672675,0.0201803,0.00672675,0.0201803,0.00672675
41,2920.62,1.59704,0.44656,0.00255,0.88231,0.82176,0.84972,0.39979,2.57986,0.82331,0.00625,0.0197389,0.00657963,0.0197389,0.00657963,0.0197389,0.00657963,0.0197389,0.00657963
42,2988.95,1.57125,0.46236,0.00253,0.88734,0.87004,0.91744,0.2943,3.20389,0.89278,0.00909,0.019293,0.00643101,0.019293,0.00643101,0.019293,0.00643101,0.019293,0.00643101
43,3057.57,1.57081,0.46272,0.00251,0.84549,0.87364,0.88544,0.25412,3.38729,0.92348,0.00971,0.018843,0.00628101,0.018843,0.00628101,0.018843,0.00628101,0.018843,0.00628101
44,3127.7,1.57715,0.45078,0.00251,0.88233,0.81757,0.88859,0.32831,2.94928,0.86761,0.00778,0.0183894,0.00612981,0.0183894,0.00612981,0.0183894,0.00612981,0.0183894,0.00612981
45,3198.18,1.56215,0.43251,0.00248,0.89808,0.88033,0.91507,0.30408,3.14965,0.80678,0.00889,0.0179326,0.00597754,0.0179326,0.00597754,0.0179326,0.00597754,0.0179326,0.00597754
46,3268.01,1.53303,0.43988,0.00241,0.92543,0.87237,0.93237,0.3133,3.16215,0.85584,0.00861,0.0174731,0.00582435,0.0174731,0.00582435,0.0174731,0.00582435,0.0174731,0.00582435
47,3338.28,1.53447,0.42926,0.00243,0.9017,0.89289,0.92125,0.286,3.29475,0.79091,0.00932,0.0170112,0.0056704,0.0170112,0.0056704,0.0170112,0.0056704,0.0170112,0.0056704
48,3409.23,1.51705,0.41075,0.00238,0.89945,0.89077,0.93289,0.28255,3.22537,0.87885,0.00912,0.0165475,0.00551584,0.0165475,0.00551584,0.0165475,0.00551584,0.0165475,0.00551584
49,3476.98,1.50991,0.42074,0.00241,0.89774,0.8728,0.91664,0.27512,3.24847,0.93314,0.00918,0.0160824,0.00536081,0.0160824,0.00536081,0.0160824,0.00536081,0.0160824,0.00536081
50,3547.47,1.5256,0.40741,0.00239,0.85707,0.83515,0.90651,0.32531,2.92107,0.86281,0.00765,0.0156164,0.00520548,0.0156164,0.00520548,0.0156164,0.00520548,0.0156164,0.00520548
51,3617.68,1.50353,0.41935,0.00237,0.91733,0.89707,0.94366,0.35296,2.94472,0.75825,0.00782,0.01515,0.00505,0.01515,0.00505,0.01515,0.00505,0.01515,0.00505
52,3687.82,1.49628,0.41389,0.00235,0.92035,0.86695,0.91876,0.31255,3.10208,0.82762,0.0085,0.0146836,0.00489452,0.0146836,0.00489452,0.0146836,0.00489452,0.0146836,0.00489452
53,3757.97,1.47959,0.40358,0.00231,0.92517,0.86912,0.92482,0.28478,3.27447,0.78161,0.00924,0.0142176,0.00473919,0.0142176,0.00473919,0.0142176,0.00473919,0.0142176,0.00473919
54,3830.74,1.48203,0.38811,0.00231,0.91529,0.8795,0.93096,0.34406,2.99718,0.73585,0.0081,0.0137525,0.00458416,0.0137525,0.00458416,0.0137525,0.00458416,0.0137525,0.00458416
55,3899.32,1.46261,0.3839,0.00229,0.92581,0.87724,0.92982,0.3191,3.14518,0.77133,0.00869,0.0132888,0.0044296,0.0132888,0.0044296,0.0132888,0.0044296,0.0132888,0.0044296
56,3968.82,1.45406,0.38173,0.00226,0.89392,0.88148,0.90983,0.37742,2.8233,0.7875,0.00715,0.0128269,0.00427565,0.0128269,0.00427565,0.0128269,0.00427565,0.0128269,0.00427565
57,4040.96,1.43403,0.37618,0.00224,0.91273,0.91464,0.93729,0.32933,3.09662,0.73626,0.00851,0.0123674,0.00412246,0.0123674,0.00412246,0.0123674,0.00412246,0.0123674,0.00412246
58,4109.04,1.43766,0.3704,0.00224,0.90662,0.90183,0.94217,0.34968,2.99633,0.74963,0.00803,0.0119106,0.00397019,0.0119106,0.00397019,0.0119106,0.00397019,0.0119106,0.00397019
59,4177.17,1.4041,0.3714,0.00219,0.90511,0.90193,0.92838,0.29069,3.27615,0.79263,0.00926,0.011457,0.00381899,0.011457,0.00381899,0.011457,0.00381899,0.011457,0.00381899
60,4247.3,1.41293,0.37434,0.0022,0.9256,0.88452,0.93171,0.28902,3.27324,0.81338,0.00924,0.011007,0.00366899,0.011007,0.00366899,0.011007,0.00366899,0.011007,0.00366899
61,4317.53,1.3924,0.36524,0.00217,0.92554,0.88411,0.92867,0.29714,3.25038,0.78191,0.00906,0.0105611,0.00352037,0.0105611,0.00352037,0.0105611,0.00352037,0.0105611,0.00352037
62,4387.58,1.38746,0.35936,0.00216,0.92148,0.88201,0.92681,0.30391,3.18896,0.81531,0.0089,0.0101197,0.00337325,0.0101197,0.00337325,0.0101197,0.00337325,0.0101197,0.00337325
63,4458.29,1.38081,0.36086,0.00213,0.92964,0.90126,0.94303,0.31841,3.13358,0.78541,0.00867,0.00968335,0.00322778,0.00968335,0.00322778,0.00968335,0.00322778,0.00968335,0.00322778
64,4528.86,1.36021,0.35291,0.0021,0.92017,0.88368,0.93085,0.2967,3.19356,0.80266,0.00892,0.00925235,0.00308412,0.00925235,0.00308412,0.00925235,0.00308412,0.00925235,0.00308412
65,4601.32,1.35437,0.34951,0.00209,0.90474,0.89121,0.93196,0.3231,3.06778,0.81617,0.00829,0.00882718,0.00294239,0.00882718,0.00294239,0.00882718,0.00294239,0.00882718,0.00294239
66,4670.37,1.3432,0.35092,0.00206,0.90128,0.89121,0.92634,0.2957,3.17258,0.82422,0.00878,0.00840824,0.00280275,0.00840824,0.00280275,0.00840824,0.00280275,0.00840824,0.00280275
67,4740.44,1.33029,0.34082,0.00204,0.91269,0.89121,0.93657,0.32351,3.10117,0.79532,0.00848,0.00799596,0.00266532,0.00799596,0.00266532,0.00799596,0.00266532,0.00799596,0.00266532
68,4808.66,1.32217,0.34226,0.00202,0.91227,0.89038,0.93252,0.29805,3.2233,0.78271,0.00904,0.00759073,0.00253024,0.00759073,0.00253024,0.00759073,0.00253024,0.00759073,0.00253024
69,4881.36,1.30406,0.3371,0.00199,0.92644,0.8958,0.9434,0.30737,3.16964,0.76562,0.00878,0.00719297,0.00239766,0.00719297,0.00239766,0.00719297,0.00239766,0.00719297,0.00239766
70,4951.98,1.29364,0.3365,0.00197,0.92553,0.90479,0.94437,0.30792,3.16079,0.77781,0.00878,0.00680306,0.00226769,0.00680306,0.00226769,0.00680306,0.00226769,0.00680306,0.00226769
71,5022.64,1.28508,0.32728,0.00196,0.9219,0.9046,0.93549,0.30665,3.1667,0.76827,0.00881,0.00642139,0.00214046,0.00642139,0.00214046,0.00642139,0.00214046,0.00642139,0.00214046
72,5093.21,1.28089,0.32307,0.00195,0.92084,0.90962,0.94613,0.30291,3.18476,0.77404,0.0089,0.00604833,0.00201611,0.00604833,0.00201611,0.00604833,0.00201611,0.00604833,0.00201611
73,5163.38,1.26088,0.33083,0.00191,0.91922,0.90209,0.93483,0.29969,3.20214,0.78595,0.00892,0.00568425,0.00189475,0.00568425,0.00189475,0.00568425,0.00189475,0.00568425,0.00189475
74,5233.74,1.25606,0.33533,0.00191,0.92903,0.88201,0.93074,0.29248,3.25339,0.79505,0.00916,0.00532952,0.00177651,0.00532952,0.00177651,0.00532952,0.00177651,0.00532952,0.00177651
75,5306.33,1.24478,0.32799,0.00189,0.91963,0.90959,0.94447,0.31143,3.16247,0.77382,0.00878,0.00498448,0.00166149,0.00498448,0.00166149,0.00498448,0.00166149,0.00498448,0.00166149
76,5376.47,1.2317,0.323,0.00186,0.92303,0.90711,0.94707,0.32159,3.09465,0.75852,0.00851,0.00464946,0.00154982,0.00464946,0.00154982,0.00464946,0.00154982,0.00464946,0.00154982
77,5447.44,1.22703,0.31978,0.00187,0.93704,0.89372,0.94066,0.32438,3.0734,0.74663,0.00842,0.00432482,0.00144161,0.00432482,0.00144161,0.00432482,0.00144161,0.00432482,0.00144161
78,5518.12,1.20478,0.31722,0.00183,0.93879,0.89837,0.94668,0.3203,3.10982,0.74985,0.00855,0.00401085,0.00133695,0.00401085,0.00133695,0.00401085,0.00133695,0.00401085,0.00133695
79,5589.41,1.21154,0.31217,0.00182,0.92156,0.90711,0.93606,0.30577,3.16442,0.77973,0.00875,0.00370788,0.00123596,0.00370788,0.00123596,0.00370788,0.00123596,0.00370788,0.00123596
80,5659.61,1.19751,0.30672,0.00179,0.92522,0.90082,0.93505,0.30658,3.16407,0.77845,0.00875,0.0034162,0.00113873,0.0034162,0.00113873,0.0034162,0.00113873,0.0034162,0.00113873
81,5728.38,1.18005,0.30681,0.00178,0.9433,0.87531,0.93153,0.3115,3.13624,0.77699,0.00863,0.0031361,0.00104537,0.0031361,0.00104537,0.0031361,0.00104537,0.0031361,0.00104537
82,5801.2,1.17473,0.3088,0.00176,0.93758,0.88117,0.94521,0.31491,3.13445,0.77476,0.00863,0.00286785,0.000955951,0.00286785,0.000955951,0.00286785,0.000955951,0.00286785,0.000955951
83,5872.29,1.17458,0.30429,0.00176,0.9375,0.89126,0.94526,0.31729,3.11097,0.76519,0.00855,0.00261173,0.000870577,0.00261173,0.000870577,0.00261173,0.000870577,0.00261173,0.000870577
84,5943.05,1.16646,0.30044,0.00174,0.93923,0.8887,0.94506,0.32162,3.0965,0.75409,0.00849,0.00236798,0.000789327,0.00236798,0.000789327,0.00236798,0.000789327,0.00236798,0.000789327
85,6013.44,1.1497,0.29626,0.00172,0.92922,0.90092,0.94545,0.31847,3.11198,0.76438,0.00855,0.00213685,0.000712282,0.00213685,0.000712282,0.00213685,0.000712282,0.00213685,0.000712282
86,6084.02,1.14826,0.294,0.00172,0.94434,0.89121,0.94755,0.31829,3.10617,0.76935,0.00854,0.00191855,0.000639518,0.00191855,0.000639518,0.00191855,0.000639518,0.00191855,0.000639518
87,6152.73,1.14974,0.28784,0.00171,0.92076,0.90711,0.93708,0.31225,3.13093,0.77043,0.00865,0.00171332,0.000571106,0.00171332,0.000571106,0.00171332,0.000571106,0.00171332,0.000571106
88,6223.13,1.13698,0.29215,0.0017,0.93871,0.88787,0.93732,0.31656,3.12282,0.76579,0.00862,0.00152134,0.000507115,0.00152134,0.000507115,0.00152134,0.000507115,0.00152134,0.000507115
89,6293.74,1.14117,0.28924,0.0017,0.93416,0.89623,0.93816,0.31693,3.10886,0.76491,0.00857,0.00134282,0.000447606,0.00134282,0.000447606,0.00134282,0.000447606,0.00134282,0.000447606
90,6366.19,1.12217,0.28791,0.00167,0.92743,0.90628,0.93848,0.31917,3.11088,0.76686,0.00855,0.00117792,0.00039264,0.00117792,0.00039264,0.00117792,0.00039264,0.00117792,0.00039264
91,6446.24,1.12644,0.28764,0.00166,0.93238,0.89958,0.93728,0.31867,3.11134,0.76713,0.00856,0.00102681,0.00034227,0.00102681,0.00034227,0.00102681,0.00034227,0.00102681,0.00034227
92,6518.18,1.1111,0.28439,0.00165,0.93657,0.88962,0.93861,0.32153,3.09764,0.76591,0.00851,0.000889639,0.000296546,0.000889639,0.000296546,0.000889639,0.000296546,0.000889639,0.000296546
93,6588.84,1.11444,0.28393,0.00165,0.94021,0.89489,0.93955,0.3222,3.0976,0.7641,0.0085,0.00076654,0.000255513,0.00076654,0.000255513,0.00076654,0.000255513,0.00076654,0.000255513
94,6661.46,1.11488,0.28493,0.00166,0.93583,0.89456,0.94029,0.32064,3.10147,0.76448,0.00852,0.000657636,0.000219212,0.000657636,0.000219212,0.000657636,0.000219212,0.000657636,0.000219212
95,6732.3,1.10294,0.28427,0.00164,0.94133,0.89038,0.94108,0.32015,3.10266,0.76768,0.00853,0.000563034,0.000187678,0.000563034,0.000187678,0.000563034,0.000187678,0.000563034,0.000187678
96,6802.24,1.10525,0.27934,0.00165,0.93661,0.89021,0.93921,0.31926,3.10536,0.7716,0.00853,0.000482828,0.000160943,0.000482828,0.000160943,0.000482828,0.000160943,0.000482828,0.000160943
97,6873.07,1.10191,0.27877,0.00164,0.94179,0.88012,0.93879,0.31793,3.11041,0.77244,0.00856,0.000417097,0.000139032,0.000417097,0.000139032,0.000417097,0.000139032,0.000417097,0.000139032
98,6943.39,1.10373,0.28246,0.00162,0.94214,0.87866,0.93916,0.31808,3.10842,0.77246,0.00855,0.000365905,0.000121968,0.000365905,0.000121968,0.000365905,0.000121968,0.000365905,0.000121968
99,7014.36,1.10086,0.28275,0.00164,0.91922,0.90293,0.93937,0.31815,3.10649,0.77324,0.00854,0.000329303,0.000109768,0.000329303,0.000109768,0.000329303,0.000109768,0.000329303,0.000109768
100,7083.46,1.10209,0.27887,0.00163,0.9365,0.89289,0.93955,0.31956,3.1067,0.77218,0.00855,0.000307328,0.000102443,0.000307328,0.000102443,0.000307328,0.000102443,0.000307328,0.000102443
